{
	"member": [],
	"function": [
		{
			"kind": "function",
			"name": "getUserInfo",
			"memberof": "DebugPlatform",
			"scope": "instance"
		},
		{
			"kind": "function",
			"name": "login",
			"memberof": "DebugPlatform",
			"scope": "instance"
		}
	],
	"globalMember": [],
	"globalFunction": [],
	"class": {
		"kind": "class",
		"name": "DebugPlatform",
		"memberof": "",
		"filename": "C:\\Users\\lzxxkj-PC\\Documents\\EDB Flash to HTML5 Game\\WLTS\\45 Student Cards 2\\src\\Platform.ts",
		"implements": [
			{
				"name": "Platform"
			}
		]
	}
}