{"mc":{
	"game demo":{
		"frameRate":24,
		"events":[
			
			],
		"frames":[
			
			{
			"res":"E48229E8",
			"x":1,
			"y":0
			},
			{
			"res":"EAD8F6CF",
			"x":0,
			"y":0,
			"duration":9
			},
			{
			"res":"C9CFCB51",
			"x":0,
			"y":0,
			"duration":10
			},
			{
			"res":"D6C7EE21",
			"x":0,
			"y":0,
			"duration":10
			}
			]
}},
	"res":{
		"C9CFCB51":{"x":0,"y":392,"w":585,"h":390},
		"D6C7EE21":{"x":588,"y":0,"w":585,"h":390},
		"EAD8F6CF":{"x":1175,"y":0,"w":585,"h":390},
		"E48229E8":{"x":0,"y":0,"w":586,"h":390}
	}}