{"mc":{
	"choose a game to play":{
		"frameRate":24,
		"events":[
			
			],
		"frames":[
			
			{
			"res":"B9C7694E",
			"x":0,
			"y":0,
			"duration":28
			},
			{
			"res":"2144DF1C",
			"x":0,
			"y":0,
			"duration":2
			},
			{
			"res":"2D848F7E",
			"x":0,
			"y":0,
			"duration":2
			},
			{
			"res":"2144DF1C",
			"x":0,
			"y":0,
			"duration":2
			},
			{
			"res":"2D848F7E",
			"x":0,
			"y":0,
			"duration":3
			},
			{
			"res":"2144DF1C",
			"x":0,
			"y":0,
			"duration":2
			},
			{
			"res":"2D848F7E",
			"x":0,
			"y":0,
			"duration":18
			},
			{
			"res":"2144DF1C",
			"x":0,
			"y":0,
			"duration":2
			},
			{
			"res":"2D848F7E",
			"x":0,
			"y":0,
			"duration":3
			},
			{
			"res":"2144DF1C",
			"x":0,
			"y":0,
			"duration":2
			},
			{
			"res":"2D848F7E",
			"x":0,
			"y":0,
			"duration":35
			}
			]
},"six widgets popup":{
		"frameRate":24,
		"events":[
			
			],
		"frames":[
			
			{
			"res":"4D1EE3E9",
			"x":0,
			"y":101
			},
			{
			"res":"9207FEAA",
			"x":0,
			"y":82
			},
			{
			"res":"35AAA3A5",
			"x":0,
			"y":49
			},
			{
			"res":"D7DFF526",
			"x":0,
			"y":16
			},
			{
			"res":"ED8BE2D9",
			"x":0,
			"y":21
			},
			{
			"res":"FEBFDB6F",
			"x":0,
			"y":26,
			"duration":2
			},
			{
			"res":"DD533E47",
			"x":0,
			"y":26
			},
			{
			"res":"9E5C2EE3",
			"x":0,
			"y":26
			},
			{
			"res":"D5C2E42C",
			"x":0,
			"y":6
			},
			{
			"res":"F97C0A34",
			"x":0,
			"y":10
			},
			{
			"res":"9365C3B2",
			"x":0,
			"y":15,
			"duration":2
			},
			{
			"res":"45A6D8F5",
			"x":0,
			"y":15
			},
			{
			"res":"1578D712",
			"x":0,
			"y":15
			},
			{
			"res":"1B789DF2",
			"x":0,
			"y":0
			},
			{
			"res":"355AB940",
			"x":0,
			"y":6
			},
			{
			"res":"8852390D",
			"x":0,
			"y":12,
			"duration":2
			},
			{
			"res":"AEC0100E",
			"x":0,
			"y":12
			},
			{
			"res":"EC1EFC7E",
			"x":0,
			"y":12
			},
			{
			"res":"106BB650",
			"x":0,
			"y":11
			},
			{
			"res":"B6ECEBC2",
			"x":0,
			"y":12
			},
			{
			"res":"F307C0E6",
			"x":0,
			"y":12,
			"duration":2
			},
			{
			"res":"76E521C8",
			"x":0,
			"y":12
			},
			{
			"res":"4964317E",
			"x":0,
			"y":12
			},
			{
			"res":"2A700D4E",
			"x":0,
			"y":5
			},
			{
			"res":"AA3F5AE4",
			"x":0,
			"y":10
			},
			{
			"res":"DD2C6BD9",
			"x":0,
			"y":12,
			"duration":2
			},
			{
			"res":"B35F81B3",
			"x":0,
			"y":12
			},
			{
			"res":"656F1960",
			"x":0,
			"y":12
			},
			{
			"res":"6D0C65B6",
			"x":0,
			"y":10
			},
			{
			"res":"E4014378",
			"x":0,
			"y":12
			},
			{
			"res":"39EA9445",
			"x":0,
			"y":12,
			"duration":3
			}
			]
}},
	"res":{
		"9365C3B2":{"x":962,"y":995,"w":479,"h":190},
		"2D848F7E":{"x":0,"y":0,"w":1119,"h":106},
		"35AAA3A5":{"x":0,"y":1352,"w":479,"h":156},
		"76E521C8":{"x":0,"y":613,"w":479,"h":193},
		"F97C0A34":{"x":962,"y":408,"w":479,"h":195},
		"D5C2E42C":{"x":481,"y":216,"w":479,"h":199},
		"9207FEAA":{"x":1443,"y":1368,"w":479,"h":123},
		"2144DF1C":{"x":1602,"y":0,"w":1,"h":1},
		"9E5C2EE3":{"x":481,"y":1188,"w":479,"h":179},
		"8852390D":{"x":481,"y":807,"w":479,"h":193},
		"4D1EE3E9":{"x":481,"y":1476,"w":479,"h":104},
		"DD2C6BD9":{"x":962,"y":605,"w":479,"h":193},
		"F307C0E6":{"x":1443,"y":605,"w":479,"h":193},
		"355AB940":{"x":0,"y":216,"w":479,"h":199},
		"E4014378":{"x":1443,"y":1493,"w":479,"h":103},
		"DD533E47":{"x":1443,"y":1187,"w":479,"h":179},
		"B9C7694E":{"x":0,"y":108,"w":1119,"h":106},
		"B6ECEBC2":{"x":481,"y":417,"w":479,"h":193},
		"1B789DF2":{"x":1121,"y":0,"w":479,"h":204},
		"39EA9445":{"x":962,"y":1495,"w":479,"h":103},
		"6D0C65B6":{"x":481,"y":1369,"w":479,"h":105},
		"106BB650":{"x":0,"y":417,"w":479,"h":194},
		"1578D712":{"x":1443,"y":995,"w":479,"h":190},
		"FEBFDB6F":{"x":962,"y":1187,"w":479,"h":179},
		"656F1960":{"x":962,"y":1368,"w":479,"h":125},
		"45A6D8F5":{"x":0,"y":808,"w":479,"h":190},
		"EC1EFC7E":{"x":481,"y":612,"w":479,"h":193},
		"ED8BE2D9":{"x":481,"y":1002,"w":479,"h":184},
		"2A700D4E":{"x":1121,"y":206,"w":479,"h":200},
		"4964317E":{"x":962,"y":800,"w":479,"h":193},
		"AEC0100E":{"x":1443,"y":800,"w":479,"h":193},
		"B35F81B3":{"x":0,"y":1191,"w":479,"h":159},
		"D7DFF526":{"x":0,"y":1000,"w":479,"h":189},
		"AA3F5AE4":{"x":1443,"y":408,"w":479,"h":195}
	}}