{
	"groups": [
		{
			"keys": "checkbox_select_disabled_png,checkbox_select_down_png,checkbox_select_up_png,checkbox_unselect_png,selected_png,border_png,header_png,radiobutton_select_disabled_png,radiobutton_select_down_png,radiobutton_select_up_png,radiobutton_unselect_png,roundthumb_png,thumb_png,track_png,tracklight_png,handle_png,off_png,on_png,button_down_png,button_up_png,thumb_pb_png,track_pb_png,track_sb_png,description_json,start_scene_bg_svg,movie_clip_json,movie_clip_png,rainbow_svg,sight_word_park_svg,sight_word_hunter_mouse_over_png,sight_word_hunter_normal_png,select_difficulty_scene_bg_svg,back_svg,snapshot_svg,start_scene_bgm_mp3,select_difficulty_scene_bgm_mp3,stars_joined_svg,stars_separated_svg,game_demo_json,game_demo_png,speaker_svg,ball_svg,ferris_wheel_svg,castle_svg,bird_svg,balloon_svg,cake_svg,playing_scene_bg_wood_svg,playing_scene_bg_red_silk_svg,ferris_wheel_normal_svg,ferris_wheel_selected_svg,castle_normal_svg,castle_selected_svg,balloon_normal_svg,balloon_selected_svg,pig_normal_svg,pig_selected_svg,ball_normal_svg,ball_selected_svg,cake_normal_svg,cake_selected_svg,bird_normal_svg,bird_selected_svg,cow_normal_svg,cow_selected_svg,horse_normal_svg,horse_selected_svg,smiling_yellow_head_svg,arrow_right_svg,speaker_normal_svg,speaker_selected_svg,tube_empty_svg,green_column_svg,sight_word_hunter_small_svg,bottle_normal_png,bottle_selected_png,cannon_up_svg,cannon_up_left_svg,cannon_up_right_svg,sunshine_svg,cannonball_svg,white_mp3,with_mp3,work_mp3,sound_effect_kacha_mp3,sound_effect_dindum_mp3,sound_effect_jiu_mp3,sound_effect_ling_mp3,sound_effect_win_mp3,stop_mp3,a_mp3,about_mp3,add_mp3,after_mp3,again_mp3,all_mp3,always_mp3,am_mp3,an_mp3,and_mp3,any_mp3,app_mp3,appoint_mp3,around_mp3,as_mp3,ate_mp3,away_mp3,bath_mp3,because_mp3,bee_mp3,before_mp3,better_mp3,big_mp3,black_mp3,blue_mp3,both_mp3,brain_mp3,brown_mp3,but_mp3,call_mp3,came_mp3,can_mp3,carry_mp3,clean_mp3,cold_mp3,come_mp3,could_mp3,cut_mp3,did_mp3,does_mp3,down_mp3,draw_mp3,drink_mp3,eat_mp3,eight_mp3,every_mp3,fair_mp3,fall (2)_mp3,fall_mp3,far_mp3,fast_mp3,film_mp3,film(2)_mp3,fine_mp3,first_mp3,five 2_mp3,five 3_mp3,five_mp3,fly_mp3,form_mp3,found_mp3,four_mp3,four(2)_mp3,from_mp3,gave_mp3,get_mp3,give_mp3,go_mp3,goal_mp3,god_mp3,going_mp3,goo_mp3,good_mp3,green_mp3,grow_mp3,guilt_mp3,gun_mp3,had_mp3,has_mp3,have_mp3,he_mp3,hear_mp3,heard_mp3,help_mp3,her_mp3,him_mp3,his_mp3,hold_mp3,hot_mp3,hour_mp3,how_mp3,i_mp3,in_mp3,into_mp3,is (2)_mp3,is_mp3,is(3)_mp3,it_mp3,jump_mp3,just_mp3,keep_mp3,kind_mp3,lab_mp3,left_mp3,light_mp3,like_mp3,little_mp3,live_mp3,long_mp3,look_mp3,made_mp3,may_mp3,me_mp3,mime_mp3,much_mp3,myself_mp3,never_mp3,new_mp3,no_mp3,no(2)_mp3,not_mp3,nut_mp3,of_mp3,off_mp3,old_mp3,on_mp3,one_mp3,only_mp3,open_mp3,or_mp3,our_mp3,out_mp3,over_mp3,pick_mp3,play_mp3,please_mp3,pretty_mp3,pull_mp3,put_mp3,ran_mp3,read_mp3,red_mp3,ride_mp3,right_mp3,round_mp3,run_mp3,sad_mp3,say_mp3,see_mp3,seven_mp3,shall_mp3,she_mp3,show_mp3,sick_mp3,sing_mp3,sit_mp3,sleep_mp3,small_mp3,so_mp3,some_mp3,start_mp3,sunny_mp3,take_mp3,tell_mp3,ten_mp3,thank_mp3,that_mp3,the_mp3,them_mp3,then_mp3,there_mp3,these_mp3,they_mp3,thin_mp3,think_mp3,this_mp3,though_mp3,three_mp3,to_mp3,together_mp3,topday_mp3,too_mp3,try_mp3,two_mp3,under_mp3,up_mp3,us_mp3,use_mp3,very_mp3,walk_mp3,want (2)_mp3,want_mp3,war_mp3,warm_mp3,was_mp3,wash_mp3,we_mp3,well_mp3,went_mp3,were_mp3,what_mp3,when_mp3,where_mp3,which_mp3,who_mp3,why_mp3,will_mp3,wish_mp3,would_mp3,write_mp3,yellow_mp3,yet_mp3,your_mp3,wlts_logo_jpg",
			"name": "preload"
		}
	],
	"resources": [
		{
			"url": "assets/CheckBox/checkbox_select_disabled.png",
			"type": "image",
			"name": "checkbox_select_disabled_png"
		},
		{
			"url": "assets/CheckBox/checkbox_select_down.png",
			"type": "image",
			"name": "checkbox_select_down_png"
		},
		{
			"url": "assets/CheckBox/checkbox_select_up.png",
			"type": "image",
			"name": "checkbox_select_up_png"
		},
		{
			"url": "assets/CheckBox/checkbox_unselect.png",
			"type": "image",
			"name": "checkbox_unselect_png"
		},
		{
			"url": "assets/ItemRenderer/selected.png",
			"type": "image",
			"name": "selected_png"
		},
		{
			"url": "assets/Panel/border.png",
			"type": "image",
			"name": "border_png"
		},
		{
			"url": "assets/Panel/header.png",
			"type": "image",
			"name": "header_png"
		},
		{
			"url": "assets/RadioButton/radiobutton_select_disabled.png",
			"type": "image",
			"name": "radiobutton_select_disabled_png"
		},
		{
			"url": "assets/RadioButton/radiobutton_select_down.png",
			"type": "image",
			"name": "radiobutton_select_down_png"
		},
		{
			"url": "assets/RadioButton/radiobutton_select_up.png",
			"type": "image",
			"name": "radiobutton_select_up_png"
		},
		{
			"url": "assets/RadioButton/radiobutton_unselect.png",
			"type": "image",
			"name": "radiobutton_unselect_png"
		},
		{
			"url": "assets/ScrollBar/roundthumb.png",
			"type": "image",
			"name": "roundthumb_png"
		},
		{
			"url": "assets/Slider/thumb.png",
			"type": "image",
			"name": "thumb_png"
		},
		{
			"url": "assets/Slider/track.png",
			"type": "image",
			"name": "track_png"
		},
		{
			"url": "assets/Slider/tracklight.png",
			"type": "image",
			"name": "tracklight_png"
		},
		{
			"url": "assets/ToggleSwitch/handle.png",
			"type": "image",
			"name": "handle_png"
		},
		{
			"url": "assets/ToggleSwitch/off.png",
			"type": "image",
			"name": "off_png"
		},
		{
			"url": "assets/ToggleSwitch/on.png",
			"type": "image",
			"name": "on_png"
		},
		{
			"url": "assets/Button/button_down.png",
			"type": "image",
			"name": "button_down_png"
		},
		{
			"url": "assets/Button/button_up.png",
			"type": "image",
			"name": "button_up_png"
		},
		{
			"url": "assets/ProgressBar/thumb_pb.png",
			"type": "image",
			"name": "thumb_pb_png"
		},
		{
			"url": "assets/ProgressBar/track_pb.png",
			"type": "image",
			"name": "track_pb_png"
		},
		{
			"url": "assets/ScrollBar/track_sb.png",
			"type": "image",
			"name": "track_sb_png"
		},
		{
			"url": "config/description.json",
			"type": "json",
			"name": "description_json"
		},
		{
			"url": "textures/start_scene_bg.svg",
			"type": "image",
			"name": "start_scene_bg_svg"
		},
		{
			"url": "textures/movie_clip.json",
			"type": "json",
			"name": "movie_clip_json"
		},
		{
			"url": "textures/movie_clip.png",
			"type": "image",
			"name": "movie_clip_png"
		},
		{
			"url": "textures/rainbow.svg",
			"type": "image",
			"name": "rainbow_svg"
		},
		{
			"url": "textures/sight_word_park.svg",
			"type": "image",
			"name": "sight_word_park_svg"
		},
		{
			"url": "textures/sight_word_hunter_mouse_over.png",
			"type": "image",
			"name": "sight_word_hunter_mouse_over_png"
		},
		{
			"url": "textures/sight_word_hunter_normal.png",
			"type": "image",
			"name": "sight_word_hunter_normal_png"
		},
		{
			"url": "textures/select_difficulty_scene_bg.svg",
			"type": "image",
			"name": "select_difficulty_scene_bg_svg"
		},
		{
			"url": "textures/back.svg",
			"type": "image",
			"name": "back_svg"
		},
		{
			"url": "textures/snapshot.svg",
			"type": "image",
			"name": "snapshot_svg"
		},
		{
			"url": "fonts/Kristen-ITC.ttf",
			"type": "bin",
			"name": "Kristen-ITC_ttf"
		},
		{
			"name": "start_scene_bgm_mp3",
			"type": "sound",
			"url": "audios/start_scene_bgm.mp3"
		},
		{
			"name": "select_difficulty_scene_bgm_mp3",
			"type": "sound",
			"url": "audios/select_difficulty_scene_bgm.mp3"
		},
		{
			"name": "stars_joined_svg",
			"type": "image",
			"url": "textures/stars_joined.svg"
		},
		{
			"name": "stars_separated_svg",
			"type": "image",
			"url": "textures/stars_separated.svg"
		},
		{
			"name": "game_demo_json",
			"type": "json",
			"url": "textures/game_demo.json"
		},
		{
			"name": "game_demo_png",
			"type": "image",
			"url": "textures/game_demo.png"
		},
		{
			"name": "speaker_svg",
			"type": "image",
			"url": "textures/speaker.svg"
		},
		{
			"name": "ball_svg",
			"type": "image",
			"url": "textures/ball.svg"
		},
		{
			"name": "ferris_wheel_svg",
			"type": "image",
			"url": "textures/ferris_wheel.svg"
		},
		{
			"name": "castle_svg",
			"type": "image",
			"url": "textures/castle.svg"
		},
		{
			"name": "bird_svg",
			"type": "image",
			"url": "textures/bird.svg"
		},
		{
			"name": "balloon_svg",
			"type": "image",
			"url": "textures/balloon.svg"
		},
		{
			"name": "cake_svg",
			"type": "image",
			"url": "textures/cake.svg"
		},
		{
			"name": "playing_scene_bg_wood_svg",
			"type": "image",
			"url": "textures/playing_scene_bg_wood.svg"
		},
		{
			"name": "playing_scene_bg_red_silk_svg",
			"type": "image",
			"url": "textures/playing_scene_bg_red_silk.svg"
		},
		{
			"name": "ferris_wheel_normal_svg",
			"type": "image",
			"url": "textures/ferris_wheel_normal.svg"
		},
		{
			"name": "ferris_wheel_selected_svg",
			"type": "image",
			"url": "textures/ferris_wheel_selected.svg"
		},
		{
			"name": "castle_normal_svg",
			"type": "image",
			"url": "textures/castle_normal.svg"
		},
		{
			"name": "castle_selected_svg",
			"type": "image",
			"url": "textures/castle_selected.svg"
		},
		{
			"name": "balloon_normal_svg",
			"type": "image",
			"url": "textures/balloon_normal.svg"
		},
		{
			"name": "balloon_selected_svg",
			"type": "image",
			"url": "textures/balloon_selected.svg"
		},
		{
			"name": "pig_normal_svg",
			"type": "image",
			"url": "textures/pig_normal.svg"
		},
		{
			"name": "pig_selected_svg",
			"type": "image",
			"url": "textures/pig_selected.svg"
		},
		{
			"name": "ball_normal_svg",
			"type": "image",
			"url": "textures/ball_normal.svg"
		},
		{
			"name": "ball_selected_svg",
			"type": "image",
			"url": "textures/ball_selected.svg"
		},
		{
			"name": "cake_normal_svg",
			"type": "image",
			"url": "textures/cake_normal.svg"
		},
		{
			"name": "cake_selected_svg",
			"type": "image",
			"url": "textures/cake_selected.svg"
		},
		{
			"name": "bird_normal_svg",
			"type": "image",
			"url": "textures/bird_normal.svg"
		},
		{
			"name": "bird_selected_svg",
			"type": "image",
			"url": "textures/bird_selected.svg"
		},
		{
			"name": "cow_normal_svg",
			"type": "image",
			"url": "textures/cow_normal.svg"
		},
		{
			"name": "cow_selected_svg",
			"type": "image",
			"url": "textures/cow_selected.svg"
		},
		{
			"name": "horse_normal_svg",
			"type": "image",
			"url": "textures/horse_normal.svg"
		},
		{
			"name": "horse_selected_svg",
			"type": "image",
			"url": "textures/horse_selected.svg"
		},
		{
			"name": "smiling_yellow_head_svg",
			"type": "image",
			"url": "textures/smiling_yellow_head.svg"
		},
		{
			"name": "arrow_right_svg",
			"type": "image",
			"url": "textures/arrow_right.svg"
		},
		{
			"name": "speaker_normal_svg",
			"type": "image",
			"url": "textures/speaker_normal.svg"
		},
		{
			"name": "speaker_selected_svg",
			"type": "image",
			"url": "textures/speaker_selected.svg"
		},
		{
			"name": "tube_empty_svg",
			"type": "image",
			"url": "textures/tube_empty.svg"
		},
		{
			"name": "green_column_svg",
			"type": "image",
			"url": "textures/green_column.svg"
		},
		{
			"name": "sight_word_hunter_small_svg",
			"type": "image",
			"url": "textures/sight_word_hunter_small.svg"
		},
		{
			"name": "bottle_normal_png",
			"type": "image",
			"url": "textures/bottle_normal.png"
		},
		{
			"name": "bottle_selected_png",
			"type": "image",
			"url": "textures/bottle_selected.png"
		},
		{
			"name": "cannon_up_svg",
			"type": "image",
			"url": "textures/cannon_up.svg"
		},
		{
			"name": "cannon_up_left_svg",
			"type": "image",
			"url": "textures/cannon_up_left.svg"
		},
		{
			"name": "cannon_up_right_svg",
			"type": "image",
			"url": "textures/cannon_up_right.svg"
		},
		{
			"name": "sunshine_svg",
			"type": "image",
			"url": "textures/sunshine.svg"
		},
		{
			"name": "cannonball_svg",
			"type": "image",
			"url": "textures/cannonball.svg"
		},
		{
			"name": "white_mp3",
			"type": "sound",
			"url": "audios/white.mp3"
		},
		{
			"name": "with_mp3",
			"type": "sound",
			"url": "audios/with.mp3"
		},
		{
			"name": "work_mp3",
			"type": "sound",
			"url": "audios/work.mp3"
		},
		{
			"name": "sound_effect_kacha_mp3",
			"type": "sound",
			"url": "audios/sound_effect_kacha.mp3"
		},
		{
			"name": "sound_effect_dindum_mp3",
			"type": "sound",
			"url": "audios/sound_effect_dindum.mp3"
		},
		{
			"name": "sound_effect_jiu_mp3",
			"type": "sound",
			"url": "audios/sound_effect_jiu.mp3"
		},
		{
			"name": "sound_effect_ling_mp3",
			"type": "sound",
			"url": "audios/sound_effect_ling.mp3"
		},
		{
			"name": "sound_effect_win_mp3",
			"type": "sound",
			"url": "audios/sound_effect_win.mp3"
		},
		{
			"name": "stop_mp3",
			"type": "sound",
			"url": "audios/stop.mp3"
		},
		{
			"name": "a_mp3",
			"type": "sound",
			"url": "audios/a.mp3"
		},
		{
			"name": "about_mp3",
			"type": "sound",
			"url": "audios/about.mp3"
		},
		{
			"name": "add_mp3",
			"type": "sound",
			"url": "audios/add.mp3"
		},
		{
			"name": "after_mp3",
			"type": "sound",
			"url": "audios/after.mp3"
		},
		{
			"name": "again_mp3",
			"type": "sound",
			"url": "audios/again.mp3"
		},
		{
			"name": "all_mp3",
			"type": "sound",
			"url": "audios/all.mp3"
		},
		{
			"name": "always_mp3",
			"type": "sound",
			"url": "audios/always.mp3"
		},
		{
			"name": "am_mp3",
			"type": "sound",
			"url": "audios/am.mp3"
		},
		{
			"name": "an_mp3",
			"type": "sound",
			"url": "audios/an.mp3"
		},
		{
			"name": "and_mp3",
			"type": "sound",
			"url": "audios/and.mp3"
		},
		{
			"name": "any_mp3",
			"type": "sound",
			"url": "audios/any.mp3"
		},
		{
			"name": "app_mp3",
			"type": "sound",
			"url": "audios/app.mp3"
		},
		{
			"name": "appoint_mp3",
			"type": "sound",
			"url": "audios/appoint.mp3"
		},
		{
			"name": "around_mp3",
			"type": "sound",
			"url": "audios/around.mp3"
		},
		{
			"name": "as_mp3",
			"type": "sound",
			"url": "audios/as.mp3"
		},
		{
			"name": "ate_mp3",
			"type": "sound",
			"url": "audios/ate.mp3"
		},
		{
			"name": "away_mp3",
			"type": "sound",
			"url": "audios/away.mp3"
		},
		{
			"name": "bath_mp3",
			"type": "sound",
			"url": "audios/bath.mp3"
		},
		{
			"name": "because_mp3",
			"type": "sound",
			"url": "audios/because.mp3"
		},
		{
			"name": "bee_mp3",
			"type": "sound",
			"url": "audios/bee.mp3"
		},
		{
			"name": "before_mp3",
			"type": "sound",
			"url": "audios/before.mp3"
		},
		{
			"name": "better_mp3",
			"type": "sound",
			"url": "audios/better.mp3"
		},
		{
			"name": "big_mp3",
			"type": "sound",
			"url": "audios/big.mp3"
		},
		{
			"name": "black_mp3",
			"type": "sound",
			"url": "audios/black.mp3"
		},
		{
			"name": "blue_mp3",
			"type": "sound",
			"url": "audios/blue.mp3"
		},
		{
			"name": "both_mp3",
			"type": "sound",
			"url": "audios/both.mp3"
		},
		{
			"name": "brain_mp3",
			"type": "sound",
			"url": "audios/brain.mp3"
		},
		{
			"name": "brown_mp3",
			"type": "sound",
			"url": "audios/brown.mp3"
		},
		{
			"name": "but_mp3",
			"type": "sound",
			"url": "audios/but.mp3"
		},
		{
			"name": "call_mp3",
			"type": "sound",
			"url": "audios/call.mp3"
		},
		{
			"name": "came_mp3",
			"type": "sound",
			"url": "audios/came.mp3"
		},
		{
			"name": "can_mp3",
			"type": "sound",
			"url": "audios/can.mp3"
		},
		{
			"name": "carry_mp3",
			"type": "sound",
			"url": "audios/carry.mp3"
		},
		{
			"name": "clean_mp3",
			"type": "sound",
			"url": "audios/clean.mp3"
		},
		{
			"name": "cold_mp3",
			"type": "sound",
			"url": "audios/cold.mp3"
		},
		{
			"name": "come_mp3",
			"type": "sound",
			"url": "audios/come.mp3"
		},
		{
			"name": "could_mp3",
			"type": "sound",
			"url": "audios/could.mp3"
		},
		{
			"name": "cut_mp3",
			"type": "sound",
			"url": "audios/cut.mp3"
		},
		{
			"name": "did_mp3",
			"type": "sound",
			"url": "audios/did.mp3"
		},
		{
			"name": "does_mp3",
			"type": "sound",
			"url": "audios/does.mp3"
		},
		{
			"name": "down_mp3",
			"type": "sound",
			"url": "audios/down.mp3"
		},
		{
			"name": "draw_mp3",
			"type": "sound",
			"url": "audios/draw.mp3"
		},
		{
			"name": "drink_mp3",
			"type": "sound",
			"url": "audios/drink.mp3"
		},
		{
			"name": "eat_mp3",
			"type": "sound",
			"url": "audios/eat.mp3"
		},
		{
			"name": "eight_mp3",
			"type": "sound",
			"url": "audios/eight.mp3"
		},
		{
			"name": "every_mp3",
			"type": "sound",
			"url": "audios/every.mp3"
		},
		{
			"name": "fair_mp3",
			"type": "sound",
			"url": "audios/fair.mp3"
		},
		{
			"name": "fall (2)_mp3",
			"type": "sound",
			"url": "audios/fall (2).mp3"
		},
		{
			"name": "fall_mp3",
			"type": "sound",
			"url": "audios/fall.mp3"
		},
		{
			"name": "far_mp3",
			"type": "sound",
			"url": "audios/far.mp3"
		},
		{
			"name": "fast_mp3",
			"type": "sound",
			"url": "audios/fast.mp3"
		},
		{
			"name": "film_mp3",
			"type": "sound",
			"url": "audios/film.mp3"
		},
		{
			"name": "film(2)_mp3",
			"type": "sound",
			"url": "audios/film(2).mp3"
		},
		{
			"name": "fine_mp3",
			"type": "sound",
			"url": "audios/fine.mp3"
		},
		{
			"name": "first_mp3",
			"type": "sound",
			"url": "audios/first.mp3"
		},
		{
			"name": "five 2_mp3",
			"type": "sound",
			"url": "audios/five 2.mp3"
		},
		{
			"name": "five 3_mp3",
			"type": "sound",
			"url": "audios/five 3.mp3"
		},
		{
			"name": "five_mp3",
			"type": "sound",
			"url": "audios/five.mp3"
		},
		{
			"name": "fly_mp3",
			"type": "sound",
			"url": "audios/fly.mp3"
		},
		{
			"name": "form_mp3",
			"type": "sound",
			"url": "audios/form.mp3"
		},
		{
			"name": "found_mp3",
			"type": "sound",
			"url": "audios/found.mp3"
		},
		{
			"name": "four_mp3",
			"type": "sound",
			"url": "audios/four.mp3"
		},
		{
			"name": "four(2)_mp3",
			"type": "sound",
			"url": "audios/four(2).mp3"
		},
		{
			"name": "from_mp3",
			"type": "sound",
			"url": "audios/from.mp3"
		},
		{
			"name": "gave_mp3",
			"type": "sound",
			"url": "audios/gave.mp3"
		},
		{
			"name": "get_mp3",
			"type": "sound",
			"url": "audios/get.mp3"
		},
		{
			"name": "give_mp3",
			"type": "sound",
			"url": "audios/give.mp3"
		},
		{
			"name": "go_mp3",
			"type": "sound",
			"url": "audios/go.mp3"
		},
		{
			"name": "goal_mp3",
			"type": "sound",
			"url": "audios/goal.mp3"
		},
		{
			"name": "god_mp3",
			"type": "sound",
			"url": "audios/god.mp3"
		},
		{
			"name": "going_mp3",
			"type": "sound",
			"url": "audios/going.mp3"
		},
		{
			"name": "goo_mp3",
			"type": "sound",
			"url": "audios/goo.mp3"
		},
		{
			"name": "good_mp3",
			"type": "sound",
			"url": "audios/good.mp3"
		},
		{
			"name": "green_mp3",
			"type": "sound",
			"url": "audios/green.mp3"
		},
		{
			"name": "grow_mp3",
			"type": "sound",
			"url": "audios/grow.mp3"
		},
		{
			"name": "guilt_mp3",
			"type": "sound",
			"url": "audios/guilt.mp3"
		},
		{
			"name": "gun_mp3",
			"type": "sound",
			"url": "audios/gun.mp3"
		},
		{
			"name": "had_mp3",
			"type": "sound",
			"url": "audios/had.mp3"
		},
		{
			"name": "has_mp3",
			"type": "sound",
			"url": "audios/has.mp3"
		},
		{
			"name": "have_mp3",
			"type": "sound",
			"url": "audios/have.mp3"
		},
		{
			"name": "he_mp3",
			"type": "sound",
			"url": "audios/he.mp3"
		},
		{
			"name": "hear_mp3",
			"type": "sound",
			"url": "audios/hear.mp3"
		},
		{
			"name": "heard_mp3",
			"type": "sound",
			"url": "audios/heard.mp3"
		},
		{
			"name": "help_mp3",
			"type": "sound",
			"url": "audios/help.mp3"
		},
		{
			"name": "her_mp3",
			"type": "sound",
			"url": "audios/her.mp3"
		},
		{
			"name": "him_mp3",
			"type": "sound",
			"url": "audios/him.mp3"
		},
		{
			"name": "his_mp3",
			"type": "sound",
			"url": "audios/his.mp3"
		},
		{
			"name": "hold_mp3",
			"type": "sound",
			"url": "audios/hold.mp3"
		},
		{
			"name": "hot_mp3",
			"type": "sound",
			"url": "audios/hot.mp3"
		},
		{
			"name": "hour_mp3",
			"type": "sound",
			"url": "audios/hour.mp3"
		},
		{
			"name": "how_mp3",
			"type": "sound",
			"url": "audios/how.mp3"
		},
		{
			"name": "i_mp3",
			"type": "sound",
			"url": "audios/i.mp3"
		},
		{
			"name": "in_mp3",
			"type": "sound",
			"url": "audios/in.mp3"
		},
		{
			"name": "into_mp3",
			"type": "sound",
			"url": "audios/into.mp3"
		},
		{
			"name": "is (2)_mp3",
			"type": "sound",
			"url": "audios/is (2).mp3"
		},
		{
			"name": "is_mp3",
			"type": "sound",
			"url": "audios/is.mp3"
		},
		{
			"name": "is(3)_mp3",
			"type": "sound",
			"url": "audios/is(3).mp3"
		},
		{
			"name": "it_mp3",
			"type": "sound",
			"url": "audios/it.mp3"
		},
		{
			"name": "jump_mp3",
			"type": "sound",
			"url": "audios/jump.mp3"
		},
		{
			"name": "just_mp3",
			"type": "sound",
			"url": "audios/just.mp3"
		},
		{
			"name": "keep_mp3",
			"type": "sound",
			"url": "audios/keep.mp3"
		},
		{
			"name": "kind_mp3",
			"type": "sound",
			"url": "audios/kind.mp3"
		},
		{
			"name": "lab_mp3",
			"type": "sound",
			"url": "audios/lab.mp3"
		},
		{
			"name": "left_mp3",
			"type": "sound",
			"url": "audios/left.mp3"
		},
		{
			"name": "light_mp3",
			"type": "sound",
			"url": "audios/light.mp3"
		},
		{
			"name": "like_mp3",
			"type": "sound",
			"url": "audios/like.mp3"
		},
		{
			"name": "little_mp3",
			"type": "sound",
			"url": "audios/little.mp3"
		},
		{
			"name": "live_mp3",
			"type": "sound",
			"url": "audios/live.mp3"
		},
		{
			"name": "long_mp3",
			"type": "sound",
			"url": "audios/long.mp3"
		},
		{
			"name": "look_mp3",
			"type": "sound",
			"url": "audios/look.mp3"
		},
		{
			"name": "made_mp3",
			"type": "sound",
			"url": "audios/made.mp3"
		},
		{
			"name": "may_mp3",
			"type": "sound",
			"url": "audios/may.mp3"
		},
		{
			"name": "me_mp3",
			"type": "sound",
			"url": "audios/me.mp3"
		},
		{
			"name": "mime_mp3",
			"type": "sound",
			"url": "audios/mime.mp3"
		},
		{
			"name": "much_mp3",
			"type": "sound",
			"url": "audios/much.mp3"
		},
		{
			"name": "myself_mp3",
			"type": "sound",
			"url": "audios/myself.mp3"
		},
		{
			"name": "never_mp3",
			"type": "sound",
			"url": "audios/never.mp3"
		},
		{
			"name": "new_mp3",
			"type": "sound",
			"url": "audios/new.mp3"
		},
		{
			"name": "no_mp3",
			"type": "sound",
			"url": "audios/no.mp3"
		},
		{
			"name": "no(2)_mp3",
			"type": "sound",
			"url": "audios/no(2).mp3"
		},
		{
			"name": "not_mp3",
			"type": "sound",
			"url": "audios/not.mp3"
		},
		{
			"name": "nut_mp3",
			"type": "sound",
			"url": "audios/nut.mp3"
		},
		{
			"name": "of_mp3",
			"type": "sound",
			"url": "audios/of.mp3"
		},
		{
			"name": "off_mp3",
			"type": "sound",
			"url": "audios/off.mp3"
		},
		{
			"name": "old_mp3",
			"type": "sound",
			"url": "audios/old.mp3"
		},
		{
			"name": "on_mp3",
			"type": "sound",
			"url": "audios/on.mp3"
		},
		{
			"name": "one_mp3",
			"type": "sound",
			"url": "audios/one.mp3"
		},
		{
			"name": "only_mp3",
			"type": "sound",
			"url": "audios/only.mp3"
		},
		{
			"name": "open_mp3",
			"type": "sound",
			"url": "audios/open.mp3"
		},
		{
			"name": "or_mp3",
			"type": "sound",
			"url": "audios/or.mp3"
		},
		{
			"name": "our_mp3",
			"type": "sound",
			"url": "audios/our.mp3"
		},
		{
			"name": "out_mp3",
			"type": "sound",
			"url": "audios/out.mp3"
		},
		{
			"name": "over_mp3",
			"type": "sound",
			"url": "audios/over.mp3"
		},
		{
			"name": "pick_mp3",
			"type": "sound",
			"url": "audios/pick.mp3"
		},
		{
			"name": "play_mp3",
			"type": "sound",
			"url": "audios/play.mp3"
		},
		{
			"name": "please_mp3",
			"type": "sound",
			"url": "audios/please.mp3"
		},
		{
			"name": "pretty_mp3",
			"type": "sound",
			"url": "audios/pretty.mp3"
		},
		{
			"name": "pull_mp3",
			"type": "sound",
			"url": "audios/pull.mp3"
		},
		{
			"name": "put_mp3",
			"type": "sound",
			"url": "audios/put.mp3"
		},
		{
			"name": "ran_mp3",
			"type": "sound",
			"url": "audios/ran.mp3"
		},
		{
			"name": "read_mp3",
			"type": "sound",
			"url": "audios/read.mp3"
		},
		{
			"name": "red_mp3",
			"type": "sound",
			"url": "audios/red.mp3"
		},
		{
			"name": "ride_mp3",
			"type": "sound",
			"url": "audios/ride.mp3"
		},
		{
			"name": "right_mp3",
			"type": "sound",
			"url": "audios/right.mp3"
		},
		{
			"name": "round_mp3",
			"type": "sound",
			"url": "audios/round.mp3"
		},
		{
			"name": "run_mp3",
			"type": "sound",
			"url": "audios/run.mp3"
		},
		{
			"name": "sad_mp3",
			"type": "sound",
			"url": "audios/sad.mp3"
		},
		{
			"name": "say_mp3",
			"type": "sound",
			"url": "audios/say.mp3"
		},
		{
			"name": "see_mp3",
			"type": "sound",
			"url": "audios/see.mp3"
		},
		{
			"name": "seven_mp3",
			"type": "sound",
			"url": "audios/seven.mp3"
		},
		{
			"name": "shall_mp3",
			"type": "sound",
			"url": "audios/shall.mp3"
		},
		{
			"name": "she_mp3",
			"type": "sound",
			"url": "audios/she.mp3"
		},
		{
			"name": "show_mp3",
			"type": "sound",
			"url": "audios/show.mp3"
		},
		{
			"name": "sick_mp3",
			"type": "sound",
			"url": "audios/sick.mp3"
		},
		{
			"name": "sing_mp3",
			"type": "sound",
			"url": "audios/sing.mp3"
		},
		{
			"name": "sit_mp3",
			"type": "sound",
			"url": "audios/sit.mp3"
		},
		{
			"name": "sleep_mp3",
			"type": "sound",
			"url": "audios/sleep.mp3"
		},
		{
			"name": "small_mp3",
			"type": "sound",
			"url": "audios/small.mp3"
		},
		{
			"name": "so_mp3",
			"type": "sound",
			"url": "audios/so.mp3"
		},
		{
			"name": "some_mp3",
			"type": "sound",
			"url": "audios/some.mp3"
		},
		{
			"name": "start_mp3",
			"type": "sound",
			"url": "audios/start.mp3"
		},
		{
			"name": "sunny_mp3",
			"type": "sound",
			"url": "audios/sunny.mp3"
		},
		{
			"name": "take_mp3",
			"type": "sound",
			"url": "audios/take.mp3"
		},
		{
			"name": "tell_mp3",
			"type": "sound",
			"url": "audios/tell.mp3"
		},
		{
			"name": "ten_mp3",
			"type": "sound",
			"url": "audios/ten.mp3"
		},
		{
			"name": "thank_mp3",
			"type": "sound",
			"url": "audios/thank.mp3"
		},
		{
			"name": "that_mp3",
			"type": "sound",
			"url": "audios/that.mp3"
		},
		{
			"name": "the_mp3",
			"type": "sound",
			"url": "audios/the.mp3"
		},
		{
			"name": "them_mp3",
			"type": "sound",
			"url": "audios/them.mp3"
		},
		{
			"name": "then_mp3",
			"type": "sound",
			"url": "audios/then.mp3"
		},
		{
			"name": "there_mp3",
			"type": "sound",
			"url": "audios/there.mp3"
		},
		{
			"name": "these_mp3",
			"type": "sound",
			"url": "audios/these.mp3"
		},
		{
			"name": "they_mp3",
			"type": "sound",
			"url": "audios/they.mp3"
		},
		{
			"name": "thin_mp3",
			"type": "sound",
			"url": "audios/thin.mp3"
		},
		{
			"name": "think_mp3",
			"type": "sound",
			"url": "audios/think.mp3"
		},
		{
			"name": "this_mp3",
			"type": "sound",
			"url": "audios/this.mp3"
		},
		{
			"name": "though_mp3",
			"type": "sound",
			"url": "audios/though.mp3"
		},
		{
			"name": "three_mp3",
			"type": "sound",
			"url": "audios/three.mp3"
		},
		{
			"name": "to_mp3",
			"type": "sound",
			"url": "audios/to.mp3"
		},
		{
			"name": "together_mp3",
			"type": "sound",
			"url": "audios/together.mp3"
		},
		{
			"name": "topday_mp3",
			"type": "sound",
			"url": "audios/topday.mp3"
		},
		{
			"name": "too_mp3",
			"type": "sound",
			"url": "audios/too.mp3"
		},
		{
			"name": "try_mp3",
			"type": "sound",
			"url": "audios/try.mp3"
		},
		{
			"name": "two_mp3",
			"type": "sound",
			"url": "audios/two.mp3"
		},
		{
			"name": "under_mp3",
			"type": "sound",
			"url": "audios/under.mp3"
		},
		{
			"name": "up_mp3",
			"type": "sound",
			"url": "audios/up.mp3"
		},
		{
			"name": "us_mp3",
			"type": "sound",
			"url": "audios/us.mp3"
		},
		{
			"name": "use_mp3",
			"type": "sound",
			"url": "audios/use.mp3"
		},
		{
			"name": "very_mp3",
			"type": "sound",
			"url": "audios/very.mp3"
		},
		{
			"name": "walk_mp3",
			"type": "sound",
			"url": "audios/walk.mp3"
		},
		{
			"name": "want (2)_mp3",
			"type": "sound",
			"url": "audios/want (2).mp3"
		},
		{
			"name": "want_mp3",
			"type": "sound",
			"url": "audios/want.mp3"
		},
		{
			"name": "war_mp3",
			"type": "sound",
			"url": "audios/war.mp3"
		},
		{
			"name": "warm_mp3",
			"type": "sound",
			"url": "audios/warm.mp3"
		},
		{
			"name": "was_mp3",
			"type": "sound",
			"url": "audios/was.mp3"
		},
		{
			"name": "wash_mp3",
			"type": "sound",
			"url": "audios/wash.mp3"
		},
		{
			"name": "we_mp3",
			"type": "sound",
			"url": "audios/we.mp3"
		},
		{
			"name": "well_mp3",
			"type": "sound",
			"url": "audios/well.mp3"
		},
		{
			"name": "went_mp3",
			"type": "sound",
			"url": "audios/went.mp3"
		},
		{
			"name": "were_mp3",
			"type": "sound",
			"url": "audios/were.mp3"
		},
		{
			"name": "what_mp3",
			"type": "sound",
			"url": "audios/what.mp3"
		},
		{
			"name": "when_mp3",
			"type": "sound",
			"url": "audios/when.mp3"
		},
		{
			"name": "where_mp3",
			"type": "sound",
			"url": "audios/where.mp3"
		},
		{
			"name": "which_mp3",
			"type": "sound",
			"url": "audios/which.mp3"
		},
		{
			"name": "who_mp3",
			"type": "sound",
			"url": "audios/who.mp3"
		},
		{
			"name": "why_mp3",
			"type": "sound",
			"url": "audios/why.mp3"
		},
		{
			"name": "will_mp3",
			"type": "sound",
			"url": "audios/will.mp3"
		},
		{
			"name": "wish_mp3",
			"type": "sound",
			"url": "audios/wish.mp3"
		},
		{
			"name": "would_mp3",
			"type": "sound",
			"url": "audios/would.mp3"
		},
		{
			"name": "write_mp3",
			"type": "sound",
			"url": "audios/write.mp3"
		},
		{
			"name": "yellow_mp3",
			"type": "sound",
			"url": "audios/yellow.mp3"
		},
		{
			"name": "yet_mp3",
			"type": "sound",
			"url": "audios/yet.mp3"
		},
		{
			"name": "your_mp3",
			"type": "sound",
			"url": "audios/your.mp3"
		},
		{
			"name": "wlts_logo_jpg",
			"type": "image",
			"url": "images/wlts_logo.jpg"
		}
	]
}