{"groups":[{"keys":"checkbox_select_disabled_png,checkbox_select_down_png,checkbox_select_up_png,checkbox_unselect_png,selected_png,border_png,header_png,radiobutton_select_disabled_png,radiobutton_select_down_png,radiobutton_select_up_png,radiobutton_unselect_png,roundthumb_png,thumb_png,track_png,tracklight_png,handle_png,off_png,on_png,button_down_png,button_up_png,thumb_pb_png,track_pb_png,track_sb_png,description_json,checkbox_select_disabled2_png,checkbox_select_down2_png,checkbox_select_up2_png,checkbox_unselect2_png,01_mp3,02_mp3,line_png,gameEui_json,start_png","name":"preload"}],"resources":[{"url":"config/description_7278fcbf.json","type":"json","name":"description_json"},{"url":"audios/01_2fc37437.mp3","type":"sound","name":"01_mp3"},{"url":"audios/02_58ea4d67.mp3","type":"sound","name":"02_mp3"},{"url":"textures/girl_2cebf223.png","type":"image","name":"girl_png"},{"url":"textures/man_107ec7b4.png","type":"image","name":"man_png"},{"url":"gameEui_734006fa.json","type":"json","name":"gameEui_json"},{"url":"packs0/preload-0sheet_4b403690.json","type":"sheet","name":"preload-0sheet","subkeys":"tracklight_png,track_sb_png,track_png,track_pb_png,thumb_png,thumb_pb_png,start_png,selected_png,roundthumb_png,radiobutton_unselect_png,radiobutton_select_up_png,radiobutton_select_down_png,radiobutton_select_disabled_png,on_png,off_png,line_png,header_png,handle_png,checkbox_unselect_png,checkbox_unselect2_png,checkbox_select_up_png,checkbox_select_up2_png,checkbox_select_down_png,checkbox_select_down2_png,checkbox_select_disabled_png,checkbox_select_disabled2_png,button_up_png,button_down_png,border_png"}]}