{"frames":{"start_png":{"x":1,"y":1,"w":330,"h":137,"offX":0,"offY":0,"sourceW":328,"sourceH":135},"line_png":{"x":1,"y":140,"w":476,"h":84,"offX":0,"offY":0,"sourceW":474,"sourceH":82},"border_png":{"x":1,"y":226,"w":179,"h":49,"offX":0,"offY":0,"sourceW":177,"sourceH":47},"on_png":{"x":333,"y":1,"w":67,"h":29,"offX":0,"offY":0,"sourceW":65,"sourceH":27},"off_png":{"x":402,"y":1,"w":67,"h":29,"offX":0,"offY":0,"sourceW":65,"sourceH":27},"thumb_png":{"x":471,"y":1,"w":27,"h":27,"offX":0,"offY":0,"sourceW":25,"sourceH":25},"checkbox_select_disabled_png":{"x":471,"y":30,"w":25,"h":25,"offX":0,"offY":0,"sourceW":23,"sourceH":23},"checkbox_select_up2_png":{"x":333,"y":32,"w":25,"h":25,"offX":0,"offY":0,"sourceW":23,"sourceH":23},"checkbox_unselect2_png":{"x":360,"y":32,"w":25,"h":25,"offX":0,"offY":0,"sourceW":23,"sourceH":23},"checkbox_select_down_png":{"x":387,"y":32,"w":25,"h":25,"offX":0,"offY":0,"sourceW":23,"sourceH":23},"checkbox_select_up_png":{"x":414,"y":32,"w":25,"h":25,"offX":0,"offY":0,"sourceW":23,"sourceH":23},"checkbox_select_down2_png":{"x":441,"y":32,"w":25,"h":25,"offX":0,"offY":0,"sourceW":23,"sourceH":23},"handle_png":{"x":468,"y":57,"w":25,"h":25,"offX":0,"offY":0,"sourceW":23,"sourceH":23},"checkbox_select_disabled2_png":{"x":333,"y":59,"w":25,"h":25,"offX":0,"offY":0,"sourceW":23,"sourceH":23},"checkbox_unselect_png":{"x":360,"y":59,"w":25,"h":25,"offX":0,"offY":0,"sourceW":23,"sourceH":23},"radiobutton_unselect_png":{"x":387,"y":59,"w":24,"h":24,"offX":0,"offY":0,"sourceW":22,"sourceH":22},"radiobutton_select_disabled_png":{"x":413,"y":59,"w":24,"h":24,"offX":0,"offY":0,"sourceW":22,"sourceH":22},"radiobutton_select_down_png":{"x":439,"y":59,"w":24,"h":24,"offX":0,"offY":0,"sourceW":22,"sourceH":22},"radiobutton_select_up_png":{"x":465,"y":84,"w":24,"h":24,"offX":0,"offY":0,"sourceW":22,"sourceH":22},"button_down_png":{"x":491,"y":84,"w":18,"h":18,"offX":0,"offY":0,"sourceW":16,"sourceH":16},"header_png":{"x":387,"y":85,"w":18,"h":18,"offX":0,"offY":0,"sourceW":16,"sourceH":16},"selected_png":{"x":407,"y":85,"w":18,"h":18,"offX":0,"offY":0,"sourceW":16,"sourceH":16},"button_up_png":{"x":427,"y":85,"w":18,"h":18,"offX":0,"offY":0,"sourceW":16,"sourceH":16},"tracklight_png":{"x":500,"y":1,"w":8,"h":8,"offX":0,"offY":0,"sourceW":6,"sourceH":6},"track_pb_png":{"x":500,"y":11,"w":8,"h":8,"offX":0,"offY":0,"sourceW":6,"sourceH":6},"track_sb_png":{"x":500,"y":21,"w":8,"h":8,"offX":0,"offY":0,"sourceW":6,"sourceH":6},"track_png":{"x":498,"y":31,"w":8,"h":8,"offX":0,"offY":0,"sourceW":6,"sourceH":6},"roundthumb_png":{"x":498,"y":41,"w":8,"h":8,"offX":0,"offY":0,"sourceW":6,"sourceH":6},"thumb_pb_png":{"x":498,"y":51,"w":8,"h":8,"offX":0,"offY":0,"sourceW":6,"sourceH":6}},"file":"preload-0sheet_34949c18.png"}