{
	"member": [],
	"function": [
		{
			"kind": "function",
			"name": "MainScene",
			"memberof": "MainScene",
			"scope": "instance"
		},
		{
			"kind": "function",
			"type": "void",
			"name": "childrenCreated",
			"memberof": "MainScene",
			"scope": "instance"
		},
		{
			"kind": "function",
			"type": "void",
			"name": "partAdded",
			"memberof": "MainScene",
			"scope": "instance",
			"params": [
				{
					"name": "partName",
					"type": "string",
					"description": ""
				},
				{
					"name": "instance",
					"type": "any",
					"description": ""
				}
			]
		}
	],
	"globalMember": [],
	"globalFunction": [],
	"class": {
		"kind": "class",
		"name": "MainScene",
		"memberof": "",
		"filename": "C:\\Users\\lzxxkj-PC\\Documents\\EDB Flash to HTML5 Game\\WLTS\\47 Card Writing 2 Sending Miss Chan a Card\\src\\scenes\\MainScene.ts",
		"augments": [],
		"implements": []
	}
}