{
	"member": [
		{
			"kind": "member",
			"type": "number",
			"name": "fontSize",
			"memberof": "Ui.TexttLabel",
			"scope": "instance"
		},
		{
			"kind": "member",
			"type": "string",
			"name": "text",
			"memberof": "Ui.TexttLabel",
			"scope": "instance"
		}
	],
	"function": [
		{
			"kind": "function",
			"name": "TexttLabel",
			"memberof": "Ui.TexttLabel",
			"scope": "instance"
		}
	],
	"globalMember": [],
	"globalFunction": [],
	"class": {
		"kind": "class",
		"name": "TexttLabel",
		"memberof": "Ui",
		"filename": "C:\\Users\\lzxxkj-PC\\Documents\\EDB Flash to HTML5 Game\\WLTS\\47 Card Writing 2 Sending Miss Chan a Card\\src\\components\\TexttLabel.ts",
		"augments": [],
		"implements": []
	}
}